SPL,125 Hz,250 Hz,500 Hz,1000 Hz,2000 Hz,4000 Hz
1.00 ms,0.0,0.0,0.0,0.0,0.0,0.0
2.00 ms,0.0,0.0,0.0,0.0,0.0,0.0
3.00 ms,0.0,0.0,0.0,0.0,0.0,0.0
4.00 ms,0.0,0.0,0.0,0.0,0.0,0.0
5.00 ms,0.0,0.0,0.0,0.0,0.0,0.0
6.00 ms,0.0,0.0,0.0,0.0,0.0,0.0
7.00 ms,0.0,0.0,0.0,0.0,0.0,0.0
8.00 ms,0.0,0.0,0.0,0.0,0.0,0.0
9.00 ms,0.0,0.0,0.0,0.0,0.0,0.0
10.00 ms,0.0,0.0,0.0,0.0,0.0,0.0
11.00 ms,0.0,0.0,0.0,0.0,0.0,0.0
12.00 ms,0.0,0.0,0.0,0.0,0.0,0.0
13.00 ms,5.953656909696292e-06,1.187911220768001e-05,2.3701928512309678e-05,4.72915853606537e-05,9.435905667487532e-05,0.00018827115127351135
14.00 ms,0.0,0.0,0.0,0.0,0.0,0.0
15.00 ms,0.0,0.0,0.0,0.0,0.0,0.0
16.00 ms,2.8110600851505296e-06,7.692650797253009e-06,1.1956121852563228e-05,1.6287807738990523e-05,6.608222611248493e-05,0.00013037903408985585
17.00 ms,2.6104767130163964e-06,6.1652949625568e-06,1.652594619372394e-05,1.8607088350108825e-05,5.7212171668652445e-05,9.196266910294071e-05
18.00 ms,1.2567323892653803e-06,2.706044597289292e-06,9.86350278253667e-06,1.9508710465743206e-05,4.787179204868153e-05,8.101757703116164e-05
19.00 ms,3.7863728721276857e-06,5.5611099014640786e-06,9.99555140879238e-06,2.2715827071806416e-05,3.491254028631374e-05,7.488676783395931e-05
20.00 ms,2.0516340555332135e-06,4.383314717415487e-06,8.46952843858162e-06,1.6481119018862955e-05,2.901092011597939e-05,6.268769357120618e-05
21.00 ms,2.843290985765634e-06,5.640782092086738e-06,1.4349384400702547e-05,2.5377979909535497e-05,3.7620160583173856e-05,0.00010378855222370476
22.00 ms,2.5591978101147106e-06,4.318865194363752e-06,8.396497833018657e-06,1.1992939107585698e-05,3.923890835721977e-05,6.508178194053471e-05
23.00 ms,1.8986139593835105e-06,3.2683044537407113e-06,8.268622877949383e-06,1.9417473595240153e-05,3.357993773533963e-05,5.1711609557969496e-05
24.00 ms,2.943059371318668e-06,6.078822934796335e-06,1.0784404366859235e-05,2.8537591788335703e-05,5.109029370942153e-05,9.37956283451058e-05
25.00 ms,2.166912963730283e-06,4.899894975096686e-06,1.1729987818398513e-05,1.3502569345291704e-05,2.8237927836016752e-05,6.730260065523908e-05
26.00 ms,2.444081019348232e-06,4.716861894848989e-06,1.0501134966034442e-05,2.4136848878697492e-05,4.026058377348818e-05,8.734748553251848e-05
27.00 ms,1.5665706314393901e-06,2.915175628004363e-06,6.068737548048375e-06,1.0565657248662319e-05,2.662375663931016e-05,5.411113306763582e-05
28.00 ms,3.327822923893109e-06,5.251708444120595e-06,8.050421456573531e-06,1.683614573266823e-05,3.219114296371117e-05,6.051566015230492e-05
29.00 ms,1.535452838652418e-06,3.954387466365006e-06,5.355302164389286e-06,1.2446416803868487e-05,2.429942469461821e-05,3.737995939445682e-05
30.00 ms,1.219681735165068e-06,3.3975220503634773e-06,6.318357009149622e-06,9.724865776661318e-06,2.5329503841931e-05,4.397366501507349e-05
31.00 ms,1.6257563402177766e-06,2.4559888061048696e-06,4.092320978088537e-06,8.371237527171616e-06,2.0806626707781106e-05,3.0034467272344045e-05
32.00 ms,9.186953775497386e-07,1.6018104815884726e-06,5.3736230256618e-06,1.0180683602811769e-05,1.0927766197710298e-05,1.82607054739492e-05
33.00 ms,9.930615760822548e-07,1.143125700764358e-06,4.125960003875662e-06,9.619441698305309e-06,1.275334034289699e-05,2.8858792575192638e-05
34.00 ms,8.305805749841966e-07,1.242368512066605e-06,2.7908774882234866e-06,5.523069830815075e-06,1.5072519090608694e-05,1.232565500686178e-05
35.00 ms,5.866235142093501e-07,1.3993460470373975e-06,1.878009697975358e-06,3.351166469656164e-06,9.376805792271625e-06,8.019724191399291e-06
36.00 ms,7.445115102200361e-07,1.1675380164888338e-06,3.508707322907867e-06,2.909339400503086e-06,5.7973520597442985e-06,1.724370667943731e-05
37.00 ms,1.0648118404787965e-06,1.3738201687374385e-06,2.390920826655929e-06,4.699450983025599e-06,4.970016561856028e-06,2.7457090254756622e-05
38.00 ms,5.594377512352366e-07,7.593253599225136e-07,1.6219952385654324e-06,2.0604650217137532e-06,6.550947546202224e-06,2.1712254238082096e-05
39.00 ms,7.243331765494077e-07,1.6018979067666805e-06,4.306743903725874e-06,9.859601959760766e-06,1.206755950988736e-05,2.355370088480413e-05
40.00 ms,7.887479682722187e-07,1.234946580552787e-06,3.01946261060948e-06,7.372246273007477e-06,1.0419334103062283e-05,2.123852573276963e-05
41.00 ms,1.1089198324043537e-06,2.123131707776338e-06,5.453172889247071e-06,5.611896995105781e-06,1.1330278539389838e-05,2.830973062373232e-05
42.00 ms,7.99312658728013e-07,1.1860995527968043e-06,5.182726908969926e-06,5.591501121671172e-06,1.5600151527905837e-05,1.5598299796693027e-05
43.00 ms,7.24863127743447e-07,2.0518775727396132e-06,4.1700550355017185e-06,8.053681995079387e-06,9.437663720746059e-06,1.9706225430127233e-05
44.00 ms,8.765417192080349e-07,1.7987225646720617e-06,1.8924682763099554e-06,6.508497790491674e-06,7.909480700618587e-06,2.095490890496876e-05
45.00 ms,7.344096957240254e-07,2.353967147428193e-06,3.7877866816415917e-06,7.317673862416996e-06,1.6017220332287252e-05,2.0998688341933303e-05
46.00 ms,7.706378255534219e-07,2.0795180262211943e-06,2.749407485680422e-06,8.106035238597542e-06,1.0105348337674513e-05,1.9062465071328916e-05
47.00 ms,8.064320695666538e-07,1.5650517752874293e-06,2.4465907699777745e-06,7.982478564372286e-06,1.3386438695306424e-05,1.3507225958164781e-05
48.00 ms,8.178046755347168e-07,1.1566608009161428e-06,2.5040553737198934e-06,2.7227827104070457e-06,1.3152443898434285e-05,2.05749056476634e-05
49.00 ms,6.955513640605204e-07,1.1486747553135501e-06,3.050433178941603e-06,2.441182004986331e-06,1.230054385814583e-05,3.7810572393937036e-05
50.00 ms,8.606340315964189e-07,1.914850599860074e-06,4.418490789248608e-06,5.840636731591076e-06,1.3758452951151412e-05,1.935185537149664e-05
51.00 ms,7.312029310924117e-07,1.9678309399751015e-06,3.295233227618155e-06,5.816437806061003e-06,1.4376905710378196e-05,2.4627181119285524e-05
52.00 ms,6.345147198771883e-07,1.7867173482954968e-06,2.571523737060488e-06,3.5566977203416172e-06,9.517476428300142e-06,2.399013283138629e-05
53.00 ms,5.890306624678487e-07,1.2427840374584775e-06,2.3321288153965725e-06,5.065776804258348e-06,1.0524312529014423e-05,2.3455708287656307e-05
54.00 ms,4.969633096152393e-07,8.04517924279935e-07,2.4080729872366646e-06,4.1264574974775314e-06,1.2603063623828348e-05,1.974367660295684e-05
55.00 ms,5.839914365424193e-07,1.6131344864334096e-06,2.4243381631094962e-06,6.61610056340578e-06,1.163024080597097e-05,2.163492354156915e-05
56.00 ms,8.121994028442714e-07,1.0254443623125553e-06,2.068003368549398e-06,4.201498086331412e-06,1.1162605915160384e-05,1.395714298269013e-05
57.00 ms,5.416458748186415e-07,1.0158083796341089e-06,2.7625410439213738e-06,4.85438977193553e-06,6.57749797028373e-06,1.7180011127493344e-05
58.00 ms,3.3570640312063915e-07,8.429569220425037e-07,1.548175532661844e-06,4.35310084867524e-06,6.503480108221993e-06,1.3102138836984523e-05
59.00 ms,3.2799084692669567e-07,5.626611709885765e-07,2.290481461386662e-06,3.0886344575264957e-06,4.466757673071697e-06,8.174489266821183e-06
60.00 ms,3.388929030734289e-07,9.327150110038929e-07,2.3807101570127998e-06,1.749320972521673e-06,6.062525699235266e-06,1.3139769180270378e-05
61.00 ms,3.5770125350609305e-07,1.1012443792424165e-06,1.8457756141287973e-06,2.1395112526079174e-06,7.337024726439267e-06,1.2241572221682873e-05
62.00 ms,5.543597012547252e-07,8.283178658530232e-07,1.363674982712837e-06,2.1443363493744982e-06,5.812818926642649e-06,6.840623427706305e-06
63.00 ms,3.005716564530303e-07,3.449994778748078e-07,1.1590867643462843e-06,1.8072018974635284e-06,2.387618678767467e-06,7.714788807788864e-06
64.00 ms,2.620730867874954e-07,7.37294669761468e-07,1.1858658126584487e-06,2.397630851191934e-06,3.5317525544087403e-06,1.0428058885736391e-05
65.00 ms,1.9756072333620978e-07,5.077804985376133e-07,1.4162208117340924e-06,1.972021209439845e-06,4.319444542488782e-06,1.2218078154546674e-05
66.00 ms,3.124456782188645e-07,4.938403890264453e-07,1.0411771427243366e-06,2.020097781496588e-06,7.458456821041182e-06,1.2499559488787781e-05
67.00 ms,2.536018826049258e-07,5.403047111940396e-07,1.7292317124883994e-06,1.7379371684000944e-06,5.241891813057009e-06,7.1095901148510166e-06
68.00 ms,3.510106409976288e-07,9.66766606325109e-07,1.119339572142053e-06,1.931218548634206e-06,6.113504241511691e-06,6.000820576446131e-06
69.00 ms,3.0906846859579673e-07,5.85268935537897e-07,1.8358150555286556e-06,1.9429494386713486e-06,5.3069848036102485e-06,5.7110291891149245e-06
70.00 ms,2.3667588777698256e-07,4.6881606863280467e-07,4.876508228335297e-07,2.94837741421361e-06,4.0627924136060756e-06,6.824393949500518e-06
71.00 ms,3.423991756790201e-07,3.584506487186445e-07,1.167172058558208e-06,2.9018988243478816e-06,4.007257757621119e-06,8.39796666696202e-06
72.00 ms,2.5096966282944777e-07,4.3149427142452623e-07,1.5280023717423319e-06,1.8757710904537817e-06,3.1589790978614474e-06,3.9324995668721385e-06
73.00 ms,2.986757010603469e-07,5.083857104182243e-07,6.836943384769256e-07,1.956406322278781e-06,4.567299583868589e-06,5.0368457777949516e-06
74.00 ms,2.3207812205328082e-07,4.2992184035028913e-07,7.703285405114002e-07,1.6578973145442433e-06,5.462412445922382e-06,9.930988198902924e-06
75.00 ms,2.3270240490091965e-07,6.310005460363755e-07,1.438434082956519e-06,1.8454870769346599e-06,3.337788257340435e-06,1.1832823474833276e-05
76.00 ms,3.0612022783316206e-07,3.7279838238646335e-07,1.1214019650651608e-06,1.696810841167462e-06,2.6628601972333854e-06,4.601825366989942e-06
77.00 ms,4.527283294919471e-07,5.017364514969813e-07,1.0539297363720834e-06,1.4494315792035195e-06,1.7498217630418367e-06,8.471711225865874e-06
78.00 ms,1.7580447320142412e-07,6.351597221510019e-07,9.246330137102632e-07,3.5749783364735777e-06,4.186463684163755e-06,1.1670811545627657e-05
79.00 ms,1.922655741282142e-07,6.316511758086563e-07,1.2199824368508416e-06,2.626658215376665e-06,4.590352091327077e-06,6.908413070050301e-06
80.00 ms,2.1888844514705852e-07,3.765653957543691e-07,8.874214358911559e-07,1.8784037365549011e-06,3.6724975416291272e-06,6.685931111860555e-06
81.00 ms,1.8986987981861603e-07,3.2239955771729e-07,1.0890800012930413e-06,1.983449237741297e-06,2.939030764537165e-06,7.066822035994846e-06
82.00 ms,1.4620459865000157e-07,2.9253192224132363e-07,9.434516528017411e-07,1.092556658477406e-06,2.463359578541713e-06,7.196555543487193e-06
83.00 ms,2.462132329128508e-07,5.114731607136491e-07,1.5628787650712184e-06,1.1608141221586266e-06,3.161453150823945e-06,3.321155190860736e-06
84.00 ms,2.1717177389746212e-07,2.463213206738146e-07,1.0879989531531464e-06,1.6056040976764052e-06,4.7195244405884296e-06,6.568309345311718e-06
85.00 ms,1.7455423062529007e-07,4.781765028383234e-07,6.147857334326545e-07,1.7508440350866294e-06,2.297238097526133e-06,3.6030717183166416e-06
86.00 ms,2.2572825741917768e-07,4.0874036244531453e-07,6.747388283656619e-07,1.7018883227137849e-06,2.575259713921696e-06,3.962308255722746e-06
87.00 ms,1.8675157775760454e-07,3.818973937086412e-07,6.481957370851887e-07,2.9589571113319835e-06,1.1508726629472221e-06,6.062313332222402e-06
88.00 ms,1.4022383254541637e-07,4.0225353359346627e-07,5.347160367819015e-07,1.4938494814487058e-06,2.602406766527565e-06,4.208556219964521e-06
89.00 ms,1.385284207344739e-07,3.723494330643007e-07,3.12861601514669e-07,8.493690870636783e-07,1.5999860352167161e-06,2.9413106403808342e-06
90.00 ms,1.1821379786169928e-07,3.8812828506706865e-07,2.7910613198400824e-07,1.2020776694043889e-06,2.134057467628736e-06,4.581636858347338e-06
91.00 ms,1.2802783544429985e-07,2.2089038509420789e-07,6.45185025405226e-07,6.578918601007899e-07,1.4579148910343065e-06,5.16667751071509e-06
92.00 ms,7.40739025673065e-08,2.2052724091281561e-07,5.146109174347657e-07,1.124900450122368e-06,2.005416490646894e-06,3.678636403492419e-06
93.00 ms,1.4942182247068558e-07,4.0628353303873155e-07,4.0232689002550615e-07,1.1130391612823587e-06,2.151584794773953e-06,3.6430103591555962e-06
94.00 ms,1.659148125554566e-07,3.104639176854107e-07,2.52112414500516e-07,1.3551256188293337e-06,1.1133618045278126e-06,1.7541088936923188e-06
95.00 ms,1.6233862254466658e-07,1.426742528565228e-07,6.284305413828406e-07,9.687303190730745e-07,1.4034187643119367e-06,2.4495650450262474e-06
96.00 ms,1.5108010131825722e-07,3.534169366048445e-07,4.807765208170167e-07,6.828419145676889e-07,1.0553884521868895e-06,2.2754363726562588e-06
97.00 ms,1.1846339731391708e-07,2.4085099425974477e-07,4.0240010434899887e-07,6.614466201426694e-07,3.0152054932841565e-06,2.685193521756446e-06
98.00 ms,1.2273612526314537e-07,2.0509193632278766e-07,5.06373737607646e-07,7.719060022282065e-07,1.7639254110690672e-06,1.9790329588431632e-06
99.00 ms,1.2382552938561275e-07,1.8784228927870572e-07,3.762108349292248e-07,6.756135917385109e-07,1.0997478057106491e-06,2.8416106943041086e-06
100.00 ms,9.779064669146464e-08,1.6745613606872212e-07,4.181026440619462e-07,8.888012530405831e-07,1.5573950804537162e-06,2.553360673118732e-06
101.00 ms,7.27096463037924e-08,1.3460761749684025e-07,4.0960833302960964e-07,1.0969396271320875e-06,1.2515713478933321e-06,2.0720376596727874e-06
102.00 ms,1.0788581761289606e-07,2.0111858134441718e-07,3.639752890194359e-07,5.455566451928462e-07,1.65684912190045e-06,9.154563258562121e-07
103.00 ms,1.2540346006062464e-07,1.7236995120128995e-07,3.5038829082623124e-07,1.4439344795391662e-06,1.7074213474188582e-06,2.8625242975977017e-06
104.00 ms,1.1594327276043259e-07,1.5477088766147062e-07,3.1674770184508816e-07,5.315380349202314e-07,2.265436705783941e-06,3.215395963707124e-06
105.00 ms,8.343634760876739e-08,1.6032717553571274e-07,3.754847739401157e-07,6.206368539096729e-07,1.2806083304894855e-06,1.8961975456477376e-06
106.00 ms,1.0066849398526756e-07,1.5028011546291964e-07,1.673811595992447e-07,3.035481483948388e-07,1.8826005998562323e-06,2.1024072793807136e-06
107.00 ms,7.343047059293895e-08,2.5738293629729014e-07,3.1544280432171945e-07,3.659090168639523e-07,1.433254169569409e-06,1.9782016806857428e-06
108.00 ms,6.43414992396174e-08,2.1308858322299784e-07,4.979761456525011e-07,8.881142434802314e-07,1.434191403859586e-06,2.4493228920619003e-06
109.00 ms,1.2259970105787943e-07,1.9513585414188128e-07,4.198651311071444e-07,3.934276264772052e-07,1.440221581106016e-06,3.1031247544888174e-06
110.00 ms,7.561092019159332e-08,1.685046839838833e-07,4.438148550889309e-07,6.136222623354115e-07,6.924616400283412e-07,1.4612369341193698e-06
111.00 ms,9.262753053462802e-08,1.2896761347747088e-07,2.456355332469684e-07,5.95245694512414e-07,1.2114104492866318e-06,1.6733567917981418e-06
112.00 ms,9.619837015861776e-08,8.005552132317462e-08,3.3445641633989e-07,6.392888849404699e-07,7.954741363391804e-07,2.1407274743978633e-06
113.00 ms,5.657390289570685e-08,1.7605007940346695e-07,2.8066287427463976e-07,5.72266515064257e-07,1.2413113381626317e-06,1.7801213516577263e-06
114.00 ms,7.22003221653722e-08,2.1969482588701794e-07,1.824097637381783e-07,3.1001050615486747e-07,1.0784787036755006e-06,1.5152398873397033e-06
115.00 ms,6.486603609801023e-08,1.9341563017860608e-07,2.4455840730297496e-07,3.437619113810797e-07,1.1011276228600764e-06,2.433357394693303e-06
116.00 ms,4.904677197714591e-08,1.5973880351793923e-07,2.9214660912657564e-07,4.0772349052531354e-07,1.0288607654729276e-06,1.1726914408427547e-06
117.00 ms,4.814700105271186e-08,1.337775614729253e-07,1.4076148602271132e-07,3.6339810094432323e-07,1.0823972615980892e-06,1.276118382520508e-06
118.00 ms,3.912688129048547e-08,1.214975497987325e-07,1.6573483208048856e-07,3.21794942692577e-07,1.1874711844939156e-06,1.391876139678061e-06
119.00 ms,2.7368988853027076e-08,1.2377857672163373e-07,2.642422600729333e-07,3.8574435734517465e-07,5.627230734717159e-07,1.4677261788165197e-06
120.00 ms,2.7059991580813403e-08,1.3779387586509984e-07,1.7952902453544084e-07,2.708509612148191e-07,6.862010764052684e-07,1.1455211961219902e-06
121.00 ms,4.861846392145708e-08,6.715434608395299e-08,1.7619336745156033e-07,4.628886074442562e-07,7.166726732066309e-07,1.7389882032148307e-06
122.00 ms,3.7743962622016625e-08,1.2798396653579402e-07,2.306714037558777e-07,4.6461383362839115e-07,8.041653813961602e-07,1.4201202702679439e-06
123.00 ms,2.8738870838651565e-08,9.825414082342832e-08,1.6767820909535658e-07,2.3269383575552638e-07,8.341793886756932e-07,1.1096032039858983e-06
124.00 ms,2.515980845885224e-08,5.587293117059744e-08,2.360282991276108e-07,2.915842003403668e-07,4.399616955197416e-07,7.865953079999599e-07
125.00 ms,4.1989952848098255e-08,7.130601886728982e-08,2.0282121226955496e-07,4.11530635346935e-07,6.48367574740405e-07,6.98700546308828e-07
126.00 ms,2.466699022818375e-08,5.076438824858087e-08,1.461597491925204e-07,4.399793169795885e-07,5.602856276709645e-07,6.305007786977512e-07
127.00 ms,4.322789592947629e-08,3.5566245060181245e-08,1.352734386728116e-07,2.43305464664445e-07,3.316033314604283e-07,1.1128648793601315e-06
128.00 ms,5.218609899770854e-08,5.4665608928416987e-08,1.350746003936365e-07,3.5546847243494994e-07,4.1148439322569175e-07,1.288449880121334e-06
129.00 ms,3.879528520656095e-08,7.857024542090585e-08,9.559203562048424e-08,1.9805978013209824e-07,2.9379057764344907e-07,9.270378313885885e-07
130.00 ms,3.345670052112837e-08,7.569903459625493e-08,1.6993938345422066e-07,3.5568206158131943e-07,8.029062428249745e-07,1.142818177868321e-06
131.00 ms,2.5075920007111563e-08,7.580432992426722e-08,1.4146661442282493e-07,3.8825325532343413e-07,8.488283924634743e-07,1.188282453767897e-06
132.00 ms,4.0193814498934444e-08,1.1488218376598525e-07,9.098863529288792e-08,2.429879089049791e-07,4.31377571885605e-07,9.041961561706557e-07
133.00 ms,2.4260588205038403e-08,1.1895374996129249e-07,6.094425231140121e-08,3.045030609882815e-07,5.499082931237353e-07,7.797181069690851e-07
134.00 ms,3.097935774576399e-08,6.494852300420462e-08,8.719242572396979e-08,3.634083611814276e-07,6.065787943043688e-07,7.041972480692493e-07
135.00 ms,1.7899285609246363e-08,8.011143393105158e-08,1.2292701967453468e-07,2.4879858528947807e-07,5.825063453812618e-07,4.351853135631245e-07
136.00 ms,4.1965424912859817e-08,7.578141492103896e-08,9.589002303300731e-08,3.2101786473504035e-07,2.99073434462116e-07,7.501880077143142e-07
137.00 ms,2.7446585448842598e-08,6.567021415548879e-08,1.684390582568085e-07,1.9830929431918776e-07,3.749363486349466e-07,9.568655059410958e-07
138.00 ms,2.71991460465415e-08,7.329278162160335e-08,1.2185816444798547e-07,1.6078016074061452e-07,3.624806481639098e-07,5.86026089877123e-07
139.00 ms,2.7566608551410354e-08,5.368019984075545e-08,6.472352964692618e-08,1.4458775865477946e-07,3.861986215270008e-07,8.777255402492301e-07
140.00 ms,2.3801911552823185e-08,7.822504954901888e-08,9.140740075963549e-08,2.1454940224430175e-07,3.8392363421735354e-07,6.782476589251019e-07
141.00 ms,3.2670403271595205e-08,6.771563931806668e-08,1.3746446825280145e-07,1.482776497141458e-07,2.1561611163178895e-07,7.61407932259317e-07
142.00 ms,2.3965336382048008e-08,4.850206281048486e-08,9.247269616707854e-08,8.55166604196711e-08,2.899543574130803e-07,4.369630914879963e-07
143.00 ms,2.4657644814851665e-08,6.376114924933063e-08,9.962055003143178e-08,1.4684052018765215e-07,2.2550472067450755e-07,6.364841738104587e-07
144.00 ms,1.784002456872713e-08,4.4386666786522255e-08,8.236671789063621e-08,2.3100450619040203e-07,3.524270653088024e-07,2.5415948812224087e-07
145.00 ms,1.8950970570585923e-08,5.502270994384162e-08,7.222114106752997e-08,8.940431683868155e-08,4.224886538395367e-07,4.377938864763564e-07
146.00 ms,1.322469245224056e-08,4.449356794111736e-08,8.780616411740993e-08,7.273091995330105e-08,4.020953952021955e-07,4.218248648157896e-07
147.00 ms,1.792521153731741e-08,4.0783390886645066e-08,5.2468138278527476e-08,1.304736088059144e-07,3.0149473673191096e-07,5.110518941364717e-07
148.00 ms,1.5110160234144132e-08,4.2227522811799645e-08,9.004654799582568e-08,2.305842059513452e-07,3.7056747714814264e-07,3.6912854284310015e-07
149.00 ms,1.2266859528153873e-08,2.0180543458536704e-08,6.901481697241252e-08,1.514183907147526e-07,2.413129038814077e-07,5.210172275837976e-07
150.00 ms,1.3266704179670796e-08,2.743967364438049e-08,5.055792229313738e-08,1.351290990214693e-07,1.7835078836014873e-07,3.0128299499665445e-07
151.00 ms,1.2042103314513497e-08,2.003353216650794e-08,5.036240935396563e-08,1.2046434960666375e-07,2.8200486212881515e-07,3.2734300248193904e-07
152.00 ms,2.051829639526659e-08,3.379911106549116e-08,5.510379708084656e-08,1.1014330425496155e-07,2.4432171130683855e-07,2.962252096949669e-07
153.00 ms,2.7166199956241144e-08,2.6548011788918302e-08,6.424687626349623e-08,2.0384275956075726e-07,1.8579508775928844e-07,3.030390871572308e-07
154.00 ms,8.552085262181208e-09,4.404689946113649e-08,4.202841452638495e-08,1.6129028779232613e-07,1.218835308236521e-07,3.120857172689284e-07
155.00 ms,2.222919093242126e-08,3.054584141182204e-08,4.2774427555514194e-08,1.2005853022856172e-07,1.6290714199840295e-07,3.9462815948354546e-07
156.00 ms,1.8920701450042543e-08,2.1815999673435726e-08,5.103371591985706e-08,1.085219807350768e-07,2.4596948833277565e-07,4.453976316654007e-07
157.00 ms,1.4343331855570796e-08,2.4423544076057624e-08,3.534553627559944e-08,1.1925254739253432e-07,2.518269184292876e-07,3.9022822306833405e-07
158.00 ms,1.3649857244502073e-08,3.512775847980265e-08,5.2055376897897077e-08,1.2103319591005857e-07,2.0525533273030305e-07,2.2266435451001598e-07
159.00 ms,1.2600143151075827e-08,3.1863660154840545e-08,7.284691605491389e-08,1.6897702437290718e-07,1.5617332849160448e-07,2.626900368341012e-07
160.00 ms,6.212526937332541e-09,1.5172208378544383e-08,4.5484998878464467e-08,1.2426285422861838e-07,1.235673892097111e-07,1.6332697327925416e-07
161.00 ms,1.3621916039596726e-08,2.7243880040828117e-08,4.710043555178345e-08,1.1977080305314303e-07,1.1894219653640903e-07,2.920735653333395e-07
162.00 ms,7.414215907886046e-09,3.751819122044253e-08,2.6899863669882507e-08,5.6079588972579586e-08,2.047688099082734e-07,4.573666387841513e-07
163.00 ms,1.5404712172539803e-08,1.376377944950491e-08,7.212728547756342e-08,7.929661194339133e-08,6.927820805913143e-08,2.6942478825731087e-07
164.00 ms,1.21702212751984e-08,1.8699804371635764e-08,3.278967142250622e-08,1.0764085800474277e-07,1.2444279207102227e-07,1.8424024972318875e-07
165.00 ms,4.4307171265245415e-09,1.7076420277817306e-08,3.25191926719981e-08,8.321465116978288e-08,8.128338890855957e-08,1.6211285469580616e-07
166.00 ms,8.322130540250328e-09,1.4832175487811128e-08,3.0507411707958454e-08,5.8964833016261764e-08,1.6359453525183199e-07,2.783095567338023e-07
167.00 ms,7.046102368235552e-09,2.723569103579848e-08,2.9606232132550758e-08,5.150739923465153e-08,1.475300734909979e-07,1.9070738233040174e-07
168.00 ms,5.581608952809347e-09,6.5180261188402255e-09,2.2575177283101766e-08,5.7620095361698986e-08,1.2502485446930223e-07,2.674366044175258e-07
169.00 ms,7.64948993037251e-09,1.2469796750735895e-08,3.388727876085795e-08,4.0189487293673665e-08,1.211168978443311e-07,2.3473052124245442e-07
170.00 ms,1.0299197938934412e-08,2.8154094167121002e-08,2.258819975509141e-08,2.70826241433042e-08,9.836258385576002e-08,1.9415577412473795e-07
171.00 ms,7.70837171870653e-09,1.3346243221690202e-08,2.55396290782528e-08,7.356077702524999e-08,1.2177623887055233e-07,1.9858461541844008e-07
172.00 ms,5.909004396897899e-09,1.4101154910406422e-08,1.793380022263591e-08,4.103788242559858e-08,1.7609897895454196e-07,2.2031896662610961e-07
173.00 ms,5.533951519254288e-09,1.5384129525841672e-08,3.806424686558785e-08,5.572534433895271e-08,8.616389379767497e-08,9.07392063709267e-08
174.00 ms,1.0696972196910792e-08,1.6296395344284065e-08,4.516199680892896e-08,9.267046152672265e-08,1.1315068348949353e-07,1.6180746342797647e-07
175.00 ms,5.9851927858289855e-09,1.7775889205040585e-08,2.547307609290783e-08,5.741841846429452e-08,6.86088128531992e-08,1.2500541402005183e-07
176.00 ms,3.664289094373885e-09,1.6305390815318788e-08,2.5406805548300326e-08,3.765945066902532e-08,7.568080917508269e-08,1.5475139036880137e-07
177.00 ms,3.964756967178573e-09,1.6738768593427267e-08,2.0972393599549832e-08,4.915813178740791e-08,1.2549890016089194e-07,9.523557764623547e-08
178.00 ms,6.878835723256316e-09,2.0979161519107947e-08,3.2149060302799626e-08,6.241111805138644e-08,1.1397406751711969e-07,1.2544387573143467e-07
179.00 ms,6.494634607889793e-09,6.917324490984811e-09,2.972917556576249e-08,5.8603930597200815e-08,7.402108792575746e-08,1.44879535923792e-07
180.00 ms,3.41518346935743e-09,1.0196484545588191e-08,2.3316324870847893e-08,2.5037051543108646e-08,8.329124767669782e-08,1.5977357747942733e-07
181.00 ms,6.956530018698004e-09,1.0982120102198678e-08,2.0059456318222146e-08,5.6830707251265267e-08,1.0958056861909427e-07,1.8893899778049672e-07
182.00 ms,4.083465565685174e-09,9.318700477933817e-09,2.405181298570369e-08,3.428702299856923e-08,1.1874887917429078e-07,1.3761572859039006e-07
183.00 ms,3.781050583739898e-09,1.1986600156888016e-08,1.3041281832215645e-08,4.00566371183686e-08,9.447924043115563e-08,9.366739561755821e-08
184.00 ms,7.575494898048873e-09,1.45376750637638e-08,5.9711329214451325e-09,3.9378839744586e-08,7.544613112031584e-08,9.37164159608983e-08
185.00 ms,3.897721256862496e-09,1.2620606781865717e-08,1.1927761889296562e-08,2.6214202364371886e-08,8.523988981323782e-08,9.05377177673472e-08
186.00 ms,3.910674006846193e-09,9.01391850050004e-09,1.773313762498674e-08,3.8158056270276575e-08,6.888670611715497e-08,9.102077314082635e-08
187.00 ms,1.0108478498693785e-08,1.3788606700870787e-08,2.3274372651371777e-08,4.1560845431831694e-08,6.641278815777696e-08,8.002905360626755e-08
188.00 ms,6.818710041045506e-09,1.0777693404406818e-08,2.5495063837865928e-08,3.3155941991935833e-08,5.144273984569736e-08,9.57792352096476e-08
189.00 ms,3.324504449508936e-09,8.255189420935949e-09,2.0969720182506535e-08,2.8262547857593745e-08,7.101156285216348e-08,1.4554171912095626e-07
190.00 ms,4.235429784671396e-09,7.6319288666582e-09,1.62786424340311e-08,4.839558087610385e-08,4.388684970990653e-08,8.699483089458226e-08
191.00 ms,4.5355688094161906e-09,1.0713054443556302e-08,2.168525625734219e-08,3.3976576219174603e-08,6.234619576162004e-08,2.837061074956182e-08
192.00 ms,4.083983373703859e-09,5.374366285337828e-09,1.5615734483276356e-08,2.6830820232248698e-08,8.348635560651019e-08,5.522772994481784e-08
193.00 ms,3.533402015420961e-09,1.0206849587746092e-08,1.6272677427764393e-08,3.140648274779778e-08,6.332542312748046e-08,8.691147002082289e-08
194.00 ms,3.0371400949746885e-09,1.0404336059366415e-08,1.3971241052956884e-08,1.615563682832999e-08,2.7432015770045837e-08,9.442440784823702e-08
195.00 ms,6.7144427795540196e-09,1.0137462425063859e-08,1.1391511733904736e-08,2.5148917615069877e-08,3.0398854988789026e-08,4.756252636184399e-08
196.00 ms,3.2421707540919442e-09,9.118771515659319e-09,7.575706284512762e-09,1.7401688978679886e-08,2.8780720029430995e-08,8.215104685405095e-08
197.00 ms,3.3669245169676287e-09,6.326852375337921e-09,1.121346304699955e-08,5.249965084885844e-08,2.784405239708576e-08,6.881936798208699e-08
198.00 ms,3.2525457882570663e-09,3.96218924336722e-09,1.2510423808009818e-08,2.3027563855748667e-08,6.316744816103892e-08,6.614837388951855e-08
199.00 ms,2.117475084162379e-09,9.63554835919922e-09,6.5688334771607515e-09,2.1782531334224586e-08,5.039960981889635e-08,7.32604306108442e-08
200.00 ms,5.073263587007659e-09,6.294107013360417e-09,6.966689003462534e-09,1.6052664975063635e-08,4.8683340025945654e-08,5.344928766248813e-08
201.00 ms,2.707726487471973e-09,6.415785236413285e-09,9.647998844286576e-09,3.234743317648281e-08,4.227113947763428e-08,7.678364255525594e-08
202.00 ms,4.4129344622945155e-09,1.0139964423672154e-08,9.398315903297316e-09,1.998741439024343e-08,2.2376879016405837e-08,4.961645316825525e-08
203.00 ms,2.112052088776295e-09,4.160219724269609e-09,1.4794151681485346e-08,2.9491676656334675e-08,3.545476801036784e-08,7.663696521831298e-08
204.00 ms,1.4607597353943902e-09,6.489873527470991e-09,7.909646271286874e-09,2.955199995824387e-08,3.270895376772387e-08,6.567453425532221e-08
205.00 ms,1.4449752505640845e-09,4.445889878468279e-09,1.0323793375732748e-08,1.905058866213949e-08,2.9661933353963832e-08,3.652198188319744e-08
206.00 ms,2.5138582326889036e-09,4.163895006570328e-09,1.0663381289077734e-08,2.7605800312358042e-08,2.875031768212466e-08,3.734836084845483e-08
207.00 ms,2.7931115198498446e-09,3.685566740685431e-09,1.0296114183461214e-08,1.6909048383695335e-08,2.8789685302399448e-08,5.766841582044435e-08
208.00 ms,2.2260608911750523e-09,3.839432771712836e-09,5.223789401043177e-09,1.6735821617430702e-08,1.0924902760223176e-08,3.545475024679945e-08
209.00 ms,1.9294101871736302e-09,3.0940283668456914e-09,1.0927813320904534e-08,1.161058538201587e-08,3.7320333490242774e-08,4.401029229939013e-08
210.00 ms,1.659374637696942e-09,3.286888983211611e-09,9.086279284531429e-09,2.4733788350772556e-08,2.325920078760646e-08,1.5604991077111663e-08
211.00 ms,2.6327289237570994e-09,6.507107297437642e-09,6.877131308868911e-09,9.252695498673802e-09,4.231305439361677e-08,1.9323424638173492e-08
212.00 ms,1.6888856979591083e-09,3.956165617324814e-09,9.599654404723879e-09,6.9449890283124205e-09,4.2106442776912445e-08,2.476451932409418e-08
213.00 ms,1.6433319149911085e-09,4.810509324215673e-09,7.715470040636774e-09,1.4351807742229994e-08,2.1447052134249134e-08,2.3853617747704448e-08
214.00 ms,1.6086149079441725e-09,2.0581634174732244e-09,6.299454291536222e-09,7.2253349969741976e-09,1.2242722391420102e-08,5.239552436364647e-08
215.00 ms,1.9976267306986983e-09,3.2117897230676817e-09,6.217135695152365e-09,7.948883329333967e-09,2.904907780987287e-08,4.2599054950187565e-08
216.00 ms,2.981012103830949e-09,2.8325572998255666e-09,5.732529562152422e-09,6.173987543434123e-09,2.3686164141167865e-08,6.250326833878717e-08
217.00 ms,1.323212650561345e-09,4.622513039009846e-09,4.24593338266277e-09,9.553526858496753e-09,3.5016263666420855e-08,5.430775829040613e-08
218.00 ms,1.222233758646496e-09,2.137052979023224e-09,8.29916935174424e-09,1.2006516669771372e-08,2.822812028568933e-08,5.483489218249815e-08
219.00 ms,2.256645759146636e-09,2.2013921796570912e-09,5.326493912605201e-09,1.3285600175549916e-08,1.754799328068657e-08,4.966684841178903e-08
220.00 ms,2.1687460716179885e-09,2.1184534126916787e-09,5.526699542457436e-09,1.0382740001091406e-08,1.787506676009798e-08,5.081968268427772e-08
221.00 ms,1.131546634169922e-09,2.414576316667194e-09,3.890050059851546e-09,1.2098039903207791e-08,1.2729991283322306e-08,2.5229901723378134e-08
222.00 ms,1.45996081890587e-09,2.5230315614521714e-09,5.3718065551322525e-09,1.4435990181027591e-08,1.1030093283181941e-08,2.3572221508061375e-08
223.00 ms,1.3062877446401444e-09,3.336801723818894e-09,6.6787944064117255e-09,1.0986737741802699e-08,1.7248913408707267e-08,4.147226917439184e-08
224.00 ms,7.429190040930678e-10,2.5728990049600498e-09,5.761433108375513e-09,1.3428046230501423e-08,9.054379468409479e-09,3.390872649333687e-08
225.00 ms,1.588302600552538e-09,2.4332320602837854e-09,4.8876063196701125e-09,1.1043825409728925e-08,1.0150397855568372e-08,2.6014870257995426e-08
226.00 ms,1.0691940666163191e-09,1.5741440373417959e-09,4.017466359584887e-09,9.565710890058199e-09,1.8290716496949244e-08,1.6274949388161986e-08
227.00 ms,1.3551698652136679e-09,2.231722584511431e-09,4.26468194092422e-09,6.773784644309444e-09,9.92059590032568e-09,3.43598429708436e-08
228.00 ms,1.7548887898399812e-09,1.7255996631604376e-09,5.249378709493158e-09,5.4865805232395815e-09,1.6179248163439297e-08,2.9155989622609013e-08
229.00 ms,1.3822362143756095e-09,2.693693712529921e-09,5.937472291606127e-09,4.528467378861478e-09,1.3563226097801362e-08,2.6204787673123064e-08
230.00 ms,1.3403200771477941e-09,1.758822754105438e-09,2.7055075957349572e-09,7.395154266731652e-09,7.365232868039584e-09,1.25483889945599e-08
231.00 ms,6.869368407436127e-10,2.3622817035828803e-09,6.6760605932358885e-09,4.544769449665864e-09,1.0616631129778398e-08,2.2770242580349986e-08
232.00 ms,1.6608864283895741e-09,1.491552770183091e-09,4.8223629534049905e-09,6.180227885010936e-09,1.6520134593633884e-08,1.2593712739317198e-08
233.00 ms,8.80720329998752e-10,1.370303204240031e-09,4.300353406705426e-09,8.108202109724516e-09,1.1920314513247376e-08,2.6317753309967884e-08
234.00 ms,9.131555511743272e-10,1.3976746426891395e-09,2.45007147903209e-09,8.387825545241867e-09,1.5923522056482398e-08,2.5252260726915665e-08
235.00 ms,6.44239772640276e-10,1.5438315070781528e-09,6.113850314903857e-09,7.005712010510479e-09,1.502080593240862e-08,2.842907775857384e-08
236.00 ms,7.862834827676579e-10,8.780843829825358e-10,4.123872798800221e-09,6.494619508856658e-09,1.876998112493311e-08,1.6805850933110378e-08
237.00 ms,6.19286177894196e-10,2.013822886226535e-09,4.366422334811659e-09,8.050000666059987e-09,9.641517806358024e-09,9.509600218393643e-09
238.00 ms,8.203416279606301e-10,1.5991129531656156e-09,2.2747823624769126e-09,8.065883960739484e-09,1.1401141364331124e-08,1.668556315337355e-08
239.00 ms,7.55611184732885e-10,1.7886369052533269e-09,3.1275997347535167e-09,7.163825976874705e-09,1.589887688169256e-08,1.940988703097446e-08
240.00 ms,6.968847721111615e-10,1.6665108182323252e-09,2.6976023637104163e-09,5.884475129391831e-09,8.364276382621938e-09,1.1213886708105747e-08
241.00 ms,5.532185265444411e-10,1.0029970187730441e-09,2.621949324321804e-09,4.794532326712897e-09,1.3047084301831546e-08,7.753506281460432e-09
242.00 ms,5.889259635516453e-10,1.4203850318139644e-09,3.4737468457279874e-09,6.40718100797244e-09,1.076581312986491e-08,1.2164080409604594e-08
243.00 ms,2.2055189619063498e-10,1.746870426089231e-09,1.4452578023238516e-09,2.204226801083564e-09,7.316025119052938e-09,6.9481136399929255e-09
244.00 ms,5.410342729383899e-10,7.097497589647617e-10,2.4484605454233588e-09,3.507424128912362e-09,4.541657272483235e-09,1.4128444192351708e-08
245.00 ms,4.5925804825763805e-10,7.254439826631653e-10,1.4667802528123275e-09,3.0688176444471083e-09,6.91655666074098e-09,1.3056041581194222e-08
246.00 ms,6.752864378789525e-10,1.0457954502385292e-09,1.9918295901533156e-09,2.4417474708826603e-09,7.0492660597665235e-09,1.3968178613765758e-08
247.00 ms,4.2729572657940196e-10,6.184937562103698e-10,1.1426036783390714e-09,5.828699300991502e-09,6.6718963687151245e-09,1.338765542868714e-08
248.00 ms,4.683079479761432e-10,1.8250324584911937e-09,1.704730467899651e-09,5.9366009885764015e-09,4.7001607050844996e-09,6.1364269221542145e-09
249.00 ms,4.5840059526014443e-10,1.764372981050144e-09,1.1692862234014e-09,4.427142652474458e-09,7.254616907204081e-09,8.387185168601263e-09
250.00 ms,2.7543606284652355e-10,1.085802892042409e-09,1.1385863363244653e-09,2.9338871332384997e-09,7.209714159017722e-09,1.1362653040691839e-08
251.00 ms,4.644777340523376e-10,9.435797698742476e-10,1.304547581071347e-09,5.872284436492237e-09,5.25331111944638e-09,6.313015443737413e-09
252.00 ms,5.121708057664875e-10,5.645570122503329e-10,1.42660294688568e-09,4.435420031256854e-09,7.498514698056624e-09,7.5369710472728e-09
253.00 ms,3.878451448890985e-10,7.381932842775996e-10,1.6343270070606764e-09,2.3955628591920686e-09,5.5661084630287405e-09,5.94812776810727e-09
254.00 ms,5.496779142966091e-10,8.330095502273593e-10,1.1394782895024491e-09,2.51512721760605e-09,5.572933670094926e-09,8.220180980345049e-09
255.00 ms,6.918220440965683e-10,7.083472142177527e-10,1.0152004792374214e-09,2.6677222653148647e-09,5.230402333467055e-09,7.320984263259334e-09
256.00 ms,5.440617956153915e-10,4.987416590829241e-10,1.5144994147675561e-09,3.713185536824426e-09,6.102404803698391e-09,7.760340814400024e-09
257.00 ms,3.261237113694193e-10,6.674333308254177e-10,1.0155668528355477e-09,1.8484885844216592e-09,4.665707376005912e-09,5.422776894192793e-09
258.00 ms,2.5860272256927885e-10,8.676350748970663e-10,1.2055459963633552e-09,2.817889255268824e-09,4.432910039042781e-09,4.155612298717415e-09
259.00 ms,2.8448218780674495e-10,5.510055189894558e-10,1.57954449520048e-09,2.08167816317939e-09,3.3714071534518553e-09,5.588522089539083e-09
260.00 ms,1.746424810322722e-10,1.1356581230970164e-09,1.8883381525114373e-09,2.269467280768822e-09,7.047497252443691e-09,6.337772973097344e-09
261.00 ms,3.7205630243342114e-10,8.05279565252448e-10,1.6781035450108561e-09,3.2622862189413127e-09,3.2605325106516148e-09,5.4668425342185856e-09
262.00 ms,3.3952868294662153e-10,8.818042962488448e-10,1.208907196570408e-09,2.1127286586875016e-09,5.570250483089012e-09,5.028843119703197e-09
263.00 ms,3.647281088259291e-10,9.42697475636578e-10,1.3007288579558463e-09,1.1135362631975454e-09,3.766281508887914e-09,4.350861448898513e-09
264.00 ms,4.020586918951352e-10,1.0244677328685725e-09,1.5537278130750565e-09,1.2564835838446697e-09,3.9138390306447945e-09,5.7469162761947246e-09
265.00 ms,3.625883204794178e-10,5.075485587369144e-10,1.2631090617887253e-09,1.3945268273474198e-09,3.679029081382623e-09,3.514132984605567e-09
266.00 ms,7.490209008587101e-10,4.756933180694034e-10,1.0761829205563345e-09,2.4300779166708253e-09,2.4666233500170165e-09,2.6400297503670345e-09
267.00 ms,2.4607652027164306e-10,8.523401984206203e-10,5.42826672500496e-10,2.8396953677400916e-09,2.688001154993458e-09,1.9633903391991225e-09
268.00 ms,1.8895769671178897e-10,8.073685053844315e-10,7.176345073744983e-10,3.2019153994866656e-09,2.926768605249208e-09,3.3685327860411007e-09
269.00 ms,3.791709168865509e-10,5.974383210372025e-10,1.0479573875343817e-09,1.4945186199710747e-09,2.8950428720975196e-09,6.318639833580164e-09
270.00 ms,4.206693049457755e-10,7.284884362412924e-10,9.455785043854803e-10,2.217466654741429e-09,5.2640434233808264e-09,3.0032605291552272e-09
271.00 ms,3.441044671426141e-10,2.095073559083005e-10,1.2649233882555677e-09,1.5456202984154288e-09,1.7093820803282256e-09,4.492688887580698e-09
272.00 ms,3.4417949046350316e-10,4.945097664688092e-10,1.0618130819040061e-09,3.807784310083662e-09,2.5631072819720657e-09,4.551465870861193e-09
273.00 ms,1.2326972775866807e-10,4.4405873422803666e-10,8.097705284093593e-10,3.0152698116125976e-09,4.337829206946253e-09,5.6337805531825325e-09
274.00 ms,2.1492790880373036e-10,3.553914385001633e-10,8.285496733151376e-10,1.0570767594586528e-09,1.375931701907973e-09,3.271067194887678e-09
275.00 ms,2.7968916072040884e-10,3.57611495971355e-10,1.0107863435138142e-09,1.4263710212958358e-09,3.2893254786614534e-09,3.1189044680246525e-09
276.00 ms,2.9908481247176155e-10,2.1508170244821656e-10,5.12636599836469e-10,1.1708340963423325e-09,2.64826249818384e-09,3.93766574902088e-09
277.00 ms,2.514996821911808e-10,2.1820867335264893e-10,6.288841114532318e-10,1.1278780132073507e-09,2.7969480065337393e-09,5.3771409547209714e-09
278.00 ms,1.4597600905830177e-10,2.6884583448349986e-10,5.780346201689213e-10,1.1936709398696621e-09,3.446043450594516e-09,2.0748884832499925e-09
279.00 ms,1.5448235746173822e-10,3.1961772117838905e-10,1.1542898858962758e-09,1.1701927205010065e-09,2.98435565149191e-09,2.9814599677990827e-09
280.00 ms,1.9096839387611197e-10,2.7942009817039093e-10,9.027530389893457e-10,8.520685823576457e-10,1.275662131483557e-09,2.3151012218391998e-09
281.00 ms,3.3452227099495246e-10,4.184958213304668e-10,5.24005616675538e-10,1.005581951041279e-09,2.9188833572391104e-09,5.702800898177429e-09
282.00 ms,2.1243044823204826e-10,3.4322317210566666e-10,3.6551775495219374e-10,7.260387846486083e-10,2.683078648146875e-09,3.92549326377889e-09
283.00 ms,1.3524076303284005e-10,3.688004346358298e-10,4.4928616382833297e-10,8.127614137265482e-10,1.2821776973481747e-09,2.307035895654508e-09
284.00 ms,1.3457863989874141e-10,3.534344206190809e-10,5.03649011385221e-10,9.51550171990334e-10,1.0734499955589172e-09,3.733975351138952e-09
285.00 ms,9.332033756859204e-11,3.625419686681397e-10,6.501209015574716e-10,1.2324220532988761e-09,2.0099588660116297e-09,1.2587123565666047e-09
286.00 ms,2.0915176535130087e-10,5.528144053634776e-10,3.840530948817644e-10,2.1433361752087876e-09,1.9960035846366964e-09,2.2840209723540283e-09
287.00 ms,9.801943284815096e-11,2.636627027818861e-10,4.043943790943416e-10,7.522938938464563e-10,2.6263633490231086e-09,3.3272151700458608e-09
288.00 ms,2.4227814199306863e-10,2.4405086285206323e-10,3.7666286756277145e-10,1.1595145954501618e-09,1.647545433414166e-09,2.8108679828164895e-09
289.00 ms,1.2242139246776418e-10,2.2927755527479832e-10,2.741178395382349e-10,6.477275382721359e-10,8.971923759482081e-10,3.119865032985558e-09
290.00 ms,1.3654105623928103e-10,1.380547620666306e-10,3.978780083180311e-10,9.565875869199658e-10,7.563322745873791e-10,1.5235209760433577e-09
291.00 ms,1.2586959252658403e-10,2.529372822301923e-10,2.797265474807631e-10,4.935554742679926e-10,1.2750723810128761e-09,1.885496203613002e-09
292.00 ms,6.899784910086026e-11,1.8982393434896494e-10,5.020087678886398e-10,5.523175250488066e-10,1.0361306257422598e-09,2.669406029554011e-09
293.00 ms,2.65454463965753e-10,1.7372411842409008e-10,4.958324861803476e-10,8.799884709809191e-10,1.0788449023024782e-09,9.488061447626706e-10
294.00 ms,1.1234073393762145e-10,2.5144489268491554e-10,2.049666963932495e-10,6.918445816239682e-10,1.4496129852048512e-09,1.9786090543760793e-09
295.00 ms,1.6338989883291077e-10,2.603286475277855e-10,3.442216789384389e-10,1.2910224000961534e-09,5.334249708610628e-10,1.356143752850869e-09
296.00 ms,1.9289198016636533e-10,2.450131764142327e-10,5.487546528293308e-10,5.327828178636196e-10,9.232158926231193e-10,2.019563405397662e-09
297.00 ms,5.306707157037849e-11,2.0714836790336477e-10,4.825184696244378e-10,8.275464757900863e-10,1.3397684073268579e-09,1.4231656964014405e-09
298.00 ms,1.0853808823929612e-10,2.0804030720356081e-10,2.1267564098703673e-10,9.38235378278307e-10,8.317914135247406e-10,1.457084897182881e-09
299.00 ms,6.1089244773882e-11,2.285140410229758e-10,5.972596861525403e-10,6.961813903139102e-10,1.6316720197195878e-09,1.1294550850138307e-09
300.00 ms,8.464909329042314e-11,1.83437862122382e-10,2.6602978153711376e-10,3.481176735764535e-10,1.4609904397389073e-09,1.5802645858542519e-09
301.00 ms,5.89029242048511e-11,1.9065504730519933e-10,1.260704179939509e-10,1.7843652111437791e-09,6.397681273639932e-10,1.3515536467778588e-09
302.00 ms,1.1132672561586787e-10,1.0048782639326959e-10,2.6949528719732996e-10,6.912039274276083e-10,1.2261595072615705e-09,1.9050272470622076e-09
303.00 ms,8.873541484932801e-11,1.5053087942806798e-10,1.8743272212073947e-10,5.266276859039465e-10,1.1215284256849145e-09,6.456840062618596e-10
304.00 ms,3.6309344420004663e-11,9.554653596088869e-11,3.363494205377293e-10,2.1291324259209432e-10,6.641913685712098e-10,1.3630402362352356e-09
305.00 ms,9.259733257938052e-11,9.036079523516705e-11,3.0104185810841955e-10,2.9975058546405364e-10,5.610455988680485e-10,1.6973085159577295e-09
306.00 ms,3.9677823526762523e-11,1.3166705226108633e-10,2.479835226054661e-10,4.0197206674363883e-10,4.481911786147208e-10,1.1447259806729448e-09
307.00 ms,2.2675389343973507e-11,1.4417721183601628e-10,2.2184262760127638e-10,2.5854912655276507e-10,7.764444087676736e-10,8.170247811634113e-10
308.00 ms,7.692356474020556e-11,1.400654731087414e-10,3.313922469772024e-10,4.0284975355575625e-10,1.235748281480653e-09,8.894797121072884e-10
309.00 ms,4.1522712351804714e-11,1.6320660101154516e-10,2.4074345295055366e-10,4.162391264994625e-10,4.491704508335914e-10,1.1568337399125994e-09
310.00 ms,4.7112824058670455e-11,1.1156982976379126e-10,3.237010104406579e-10,5.994063023706531e-10,6.285970077790637e-10,1.086361001156888e-09
311.00 ms,5.989185536403596e-11,7.674162000315121e-11,1.4759263256003408e-10,3.3888353234701185e-10,4.6272305431749317e-10,6.554681797332762e-10
312.00 ms,4.678794504608952e-11,1.1390685616952112e-10,3.041293328287509e-10,1.2009457317496697e-10,6.062962909503256e-10,8.796935402344275e-10
313.00 ms,4.329305663963723e-11,1.0111708692583932e-10,2.2574143943021596e-10,1.1823811374434e-10,8.36634317380458e-10,8.203815404783654e-10
314.00 ms,5.859485813219933e-11,1.3464081238812042e-10,1.488766471213765e-10,2.757939432385115e-10,4.4703818424807196e-10,6.822845066700722e-10
315.00 ms,5.994411911292019e-11,1.2638372293150013e-10,1.8878348884143747e-10,6.708014699263742e-10,3.2644290048899904e-10,8.756766978201824e-10
316.00 ms,4.928181127072939e-11,8.99573956991695e-11,1.3808063026310435e-10,3.0888924751337754e-10,3.652168845125203e-10,6.370853289361378e-10
317.00 ms,1.1419460516082225e-10,7.535915641510016e-11,1.460358917126925e-10,5.557546089995924e-10,3.283984473245738e-10,6.921536122028726e-10
318.00 ms,3.24928001171898e-11,6.929586071624527e-11,1.876648975107642e-10,2.1806918770739259e-10,5.695091620516735e-10,7.250821054682888e-10
319.00 ms,2.4994315644955023e-11,1.3417036925922332e-10,1.452990922024e-10,2.2603793836672992e-10,8.049700350731825e-10,4.76959194362081e-10
320.00 ms,2.5348157600690868e-11,1.322019299587751e-10,1.4418902183344073e-10,1.6089736487590045e-10,4.938448538993612e-10,5.178384387960477e-10
321.00 ms,4.201772610401555e-11,8.409962309885444e-11,1.9039797516384738e-10,3.029601569615181e-10,4.758291538564663e-10,6.827562404332355e-10
322.00 ms,6.368000571299604e-11,4.0502420861621147e-11,1.6473843122977172e-10,3.548817073539823e-10,2.6065546943065954e-10,3.777253232417621e-10
323.00 ms,5.148217963046875e-11,4.331341188490434e-11,5.5183455027751904e-11,2.428110768004643e-10,5.240504141745816e-10,5.779045575415864e-10
324.00 ms,2.3405740887105786e-11,6.793315909803255e-11,1.1935785693140133e-10,3.3946304101029057e-10,5.683084003393901e-10,2.933982223840559e-10
325.00 ms,6.0391837364282e-11,8.234671278195549e-11,7.986725863995403e-11,1.5747511628028121e-10,4.269471443052453e-10,3.6614003495749614e-10
326.00 ms,3.146157293021368e-11,1.379034664239498e-10,8.045498295361497e-11,3.307733809077007e-10,6.135824071051843e-10,3.874220944055651e-10
327.00 ms,1.6715420714241702e-11,5.477692258115674e-11,8.458138356370881e-11,4.866757552512979e-10,5.23294130250207e-10,6.071366742688156e-10
328.00 ms,5.736078972917724e-11,5.5360795808701013e-11,1.2013497141527552e-10,3.1215377505056097e-10,3.1465371974626066e-10,3.1120064858392027e-10
329.00 ms,3.809483978267636e-11,6.169388611088067e-11,1.1735330762707719e-10,2.6691665544475995e-10,2.8376043181843613e-10,3.225995304223517e-10
330.00 ms,2.6904228844770728e-11,7.513095007238846e-11,1.1042892988921693e-10,9.818046375897893e-11,2.907596108325805e-10,2.3126024706332515e-10
331.00 ms,2.5821933133385322e-11,5.5486729794163026e-11,8.198504375389604e-11,1.445512598508003e-10,2.427570366947407e-10,4.5327125386407374e-10
332.00 ms,2.425902881353359e-11,3.776613743955437e-11,1.2063935961315053e-10,1.339026944879862e-10,3.0450894583644583e-10,4.751471993635903e-10
333.00 ms,1.866866210231688e-11,4.722721866357027e-11,1.553036726997803e-10,1.9685733598784338e-10,3.181797048057433e-10,3.2717900610990114e-10
334.00 ms,1.756889599080491e-11,3.794150757463477e-11,9.714242604763612e-11,3.0849961474288534e-10,3.3642261199062773e-10,3.567363626721942e-10
335.00 ms,1.6165112651234104e-11,3.667104120363973e-11,6.4377343733657e-11,2.5908311607203416e-10,3.912555834872933e-10,2.6786337037343344e-10
336.00 ms,1.7309880959159862e-11,4.062722033792987e-11,5.499688898735755e-11,1.1434047458847019e-10,4.463976688295901e-10,2.6482732673471787e-10
337.00 ms,1.57554923968517e-11,2.7973621682941818e-11,1.1852710479764994e-10,2.2002527577669184e-10,4.4385878306130166e-10,3.267894843617114e-10
338.00 ms,3.002832704712688e-11,4.900439082300423e-11,6.273743330398318e-11,1.4384937685463228e-10,2.6387272922256955e-10,3.131145620560716e-10
339.00 ms,1.383287494965968e-11,3.40284328492757e-11,6.812428399172177e-11,3.450444097108374e-10,3.459087460910837e-10,2.346421668075749e-10
340.00 ms,1.2844568290926173e-11,3.8131327956270056e-11,5.929079449629171e-11,1.6604306818379655e-10,2.0184195981265418e-10,3.0584193511096203e-10
341.00 ms,2.0338786210771787e-11,3.201873141622791e-11,6.245345907096578e-11,1.0955735624262886e-10,2.2169609203981366e-10,1.8571223725505348e-10
342.00 ms,1.370631472902284e-11,5.144401571399726e-11,8.492918868174826e-11,9.328895295146467e-11,2.90816620784895e-10,1.3943030063856554e-10
343.00 ms,1.8646393457055765e-11,2.477307421699937e-11,3.9664597994981676e-11,1.385840192602572e-10,1.4468509723641887e-10,1.3686886346508942e-10
344.00 ms,2.6724155874346955e-11,2.0979466427983873e-11,6.17413481451834e-11,1.3749826277553723e-10,1.3400520970652252e-10,1.5677693865345788e-10
345.00 ms,1.2918300977549091e-11,1.4000708578598697e-11,7.179188493688926e-11,8.73329603079398e-11,2.0883665630133663e-10,2.1179730191889234e-10
346.00 ms,1.3901086011458563e-11,2.5250027763101812e-11,4.704193978799509e-11,9.632502434575585e-11,3.5421920951961283e-10,1.7467707835727708e-10
347.00 ms,1.7500789012414586e-11,2.7156759480062576e-11,5.1565425540633925e-11,7.891026027051495e-11,2.779648455852879e-10,3.147717364537783e-10
348.00 ms,6.427153514260153e-12,2.400984099037995e-11,3.725159763989794e-11,2.797741760485195e-10,3.09459818881308e-10,2.949800959051174e-10
349.00 ms,1.3211055513440151e-11,1.605774194168852e-11,3.708785015210658e-11,1.1921633125133724e-10,9.465615097292712e-11,1.328366167063777e-10
350.00 ms,7.937223794884929e-12,1.3326312275907526e-11,3.384604055356455e-11,1.6468144903303283e-10,1.64867161589477e-10,2.0877446993416982e-10
351.00 ms,1.7579340760853768e-11,1.0483018966778168e-11,4.439005760192849e-11,7.749118707822689e-11,1.431608998014866e-10,2.3115837022302799e-10
352.00 ms,1.38830813165014e-11,1.3779578172945506e-11,3.446075716451169e-11,1.3847042956705025e-10,9.144822399331787e-11,3.457615860291696e-10
353.00 ms,1.2420143039038045e-11,1.3532076501010515e-11,3.534946294014851e-11,1.6043992523417927e-10,2.758844264150184e-10,2.991543124331031e-10
354.00 ms,1.2474576059628983e-11,2.5706207995579433e-11,4.502358208480217e-11,6.23906273866659e-11,2.0945535583738462e-10,1.4697332240132255e-10
355.00 ms,1.89655392085486e-11,2.1260004173795366e-11,7.18896331353136e-11,6.803133750787893e-11,1.3081211114318592e-10,1.3134107690326857e-10
356.00 ms,7.566095319710975e-12,3.0115673843589263e-11,4.828508079479654e-11,5.406507186389575e-11,2.443638902338563e-10,3.028155781681363e-10
357.00 ms,8.960871974994511e-12,2.27734948954339e-11,4.960152080735192e-11,8.768989007146288e-11,1.359251322607946e-10,3.5482680682541456e-10
358.00 ms,7.084121917549924e-12,9.801110444074279e-12,6.723174100775609e-11,6.304259891898312e-11,9.237147852170224e-11,1.179527031602845e-10
359.00 ms,1.6958229959174176e-11,1.6841663480482438e-11,3.310668059142152e-11,5.265669844600751e-11,1.6103388067456592e-10,1.3371297125086556e-10
360.00 ms,8.592472219848268e-12,2.3805296275880572e-11,2.6335803329780028e-11,1.1768443164417164e-10,1.2303143226422009e-10,1.802815258189483e-10
361.00 ms,1.1128050737829742e-11,3.332964113034187e-11,2.6140575815070122e-11,7.828472592397162e-11,8.729785644367993e-11,2.5417731808197175e-10
362.00 ms,1.010191062744692e-11,1.2700448331903758e-11,1.9550963278880396e-11,1.1994798210235302e-10,1.5030478250910306e-10,1.5112988638321667e-10
363.00 ms,5.038795335837731e-12,1.982781820675239e-11,4.0849872096071493e-11,5.45467837564928e-11,6.20572898624161e-11,2.0871802897115543e-10
364.00 ms,5.888766037298598e-12,1.4623387570300572e-11,3.7640657951643064e-11,3.9691364778216e-11,5.860789631384478e-11,9.551768404003624e-11
365.00 ms,2.4175722188046755e-11,1.7489258305469768e-11,3.018977776103604e-11,3.031804668429672e-11,1.782023140162181e-10,9.044392318413585e-11
366.00 ms,8.205346124778856e-12,1.2335354092340989e-11,2.5250341748050964e-11,2.081779332252509e-10,1.3609749438536767e-10,1.1064031635310556e-10
367.00 ms,8.757325593855558e-12,8.90754397325777e-12,2.6688507306915632e-11,7.819121738972257e-11,5.51236001289368e-11,4.335195050164664e-11
368.00 ms,7.698180634618801e-12,2.7446850348056273e-11,3.7079686543428636e-11,3.874876114418058e-11,1.312336905812117e-10,8.129853040772517e-11
369.00 ms,7.901747832439465e-12,1.5891420124258815e-11,3.8747956232487724e-11,2.8850971958704896e-11,1.6889857568092026e-10,9.989296889667543e-11
370.00 ms,5.065832735934306e-12,1.4139660796386178e-11,1.815566447183059e-11,2.8666570853208562e-11,7.25078330710005e-11,1.3336019788479092e-10
371.00 ms,4.894893084611551e-12,1.6477137362858052e-11,2.0208432149892985e-11,2.6165101335573482e-11,1.3448535340909729e-10,8.01673380457224e-11
372.00 ms,2.7962636546530195e-12,1.3111570856816357e-11,1.598986047735007e-11,5.788876669687859e-11,8.040944993181753e-11,5.7218615262533135e-11
373.00 ms,3.1150761223980306e-12,6.33786165910033e-12,2.8768322793415457e-11,1.0824890983585078e-10,5.958448318077458e-11,7.094532600282477e-11
374.00 ms,7.839054926017663e-12,7.462867997187761e-12,2.947488086935124e-11,4.411015996907963e-11,5.2680752121725405e-11,6.430110610633477e-11
375.00 ms,5.898953200911272e-12,1.1897076206135448e-11,2.1981964859474346e-11,3.939361337135239e-11,8.709010596019695e-11,8.430336984055486e-11
376.00 ms,9.870623415841884e-12,8.436326290328644e-12,2.8972487603473596e-11,4.377065723759621e-11,1.0418327311967346e-10,4.1237270542726634e-11
377.00 ms,1.0914585207855154e-11,7.851910961698128e-12,1.3540868079586765e-11,6.866905655211752e-11,2.6205301817405768e-11,9.604374240357316e-11
378.00 ms,5.649533792173589e-12,1.0026110150440637e-11,1.5956446233755806e-11,2.3373091656564426e-11,4.878977777345028e-11,4.649176182924819e-11
379.00 ms,7.507851979005054e-12,1.2981381594667774e-11,1.6188366619429573e-11,2.7264459787068596e-11,4.622523544495216e-11,6.784550699023839e-11
380.00 ms,5.7985508755686865e-12,1.3308443756743227e-11,2.3623608277900665e-11,3.318389313333725e-11,7.968586207551809e-11,1.1068240074463276e-10
381.00 ms,1.623319317509142e-12,8.276533972062516e-12,1.4956796218212887e-11,4.276736603747722e-11,5.662487145841055e-11,3.8306167265966806e-11
382.00 ms,4.082845606739882e-12,6.023188892090303e-12,2.4560386710503757e-11,4.4505732432753575e-11,1.1257463017333436e-10,1.953019169997905e-11
383.00 ms,3.727000912751022e-12,4.338330476111318e-12,2.600888081294439e-11,2.327316811490121e-11,6.464326990363034e-11,5.981631162610412e-11
384.00 ms,8.261338661774698e-12,5.106144240069055e-12,1.396127571190453e-11,2.3992504163961037e-11,7.309106792030562e-11,4.4658408915321246e-11
385.00 ms,4.5871691861654185e-12,5.814167723661168e-12,1.4366247774733054e-11,2.1203119121571135e-11,4.452205618066252e-11,4.115207827282141e-11
386.00 ms,6.936385060080097e-12,8.184932766275299e-12,1.1275656623677133e-11,2.8197699383780694e-11,3.322150540774338e-11,2.4983333110628614e-11
387.00 ms,9.832369293749643e-12,8.423279435065822e-12,9.912028663128236e-12,1.8295654921618443e-11,2.922833503005151e-11,2.639148968808236e-11
388.00 ms,2.717197343862776e-12,1.3292589251534537e-11,1.545669668645555e-11,1.9268187739784892e-11,6.452680056945326e-11,3.232259598862086e-11
389.00 ms,3.5936420939713942e-12,4.962096272070893e-12,1.0204241965294791e-11,1.0269236849769214e-11,5.3170690073045535e-11,9.082164881268895e-11
390.00 ms,4.080072217582664e-12,6.170524161075441e-12,1.2057333430293138e-11,1.8103109289402397e-11,4.326742783500315e-11,5.195747998509859e-11
391.00 ms,6.134863884260655e-12,6.503293563386858e-12,9.000281422921752e-12,2.0602642855638287e-11,5.800833424718377e-11,2.6715936754517777e-11
392.00 ms,2.820976091610916e-12,5.16908564562879e-12,1.9382410607060585e-11,1.9477756213470698e-11,6.558694559677392e-11,2.691892715678268e-11
393.00 ms,3.4437543962317907e-12,5.006673894913938e-12,1.5544624615282387e-11,1.1231656230070719e-11,5.4619482547924036e-11,5.007487133279476e-11
394.00 ms,1.7405169102854834e-12,6.2984843035573945e-12,1.5490431853892872e-11,2.3551166225543874e-11,4.527423227984606e-11,3.5747894228110866e-11
395.00 ms,1.334867980040677e-12,8.135581618107235e-12,5.640680630913941e-12,2.249288602595989e-11,3.487891572784285e-11,2.6999642105396404e-11
396.00 ms,1.9808974339313723e-12,8.672122915609481e-12,8.699765734199172e-12,1.2852130817919694e-11,2.238440162394273e-11,2.986092623169512e-11
397.00 ms,2.1741180904200075e-12,5.418237039589435e-12,1.532935237080757e-11,2.045994276778096e-11,2.310347746448116e-11,2.8161039472562877e-11
398.00 ms,1.5587146373965965e-12,3.924578977770876e-12,1.108093217877526e-11,2.042456828665884e-11,3.284748167908802e-11,3.82908878215904e-11
399.00 ms,1.7373353190103247e-12,4.420179066516594e-12,1.1905434103842705e-11,1.5716183562886066e-11,1.4922936150685295e-11,2.79961453325539e-11
400.00 ms,2.307097872120134e-12,1.0894667112903988e-11,5.478889477522619e-12,1.4209628265704488e-11,2.462800276215038e-11,3.517374586037292e-11
401.00 ms,3.923189897947488e-12,2.9010474578150536e-12,5.092207471663057e-12,1.530527961313144e-11,4.432409647647795e-11,2.0803693837057047e-11
402.00 ms,2.714910327800135e-12,3.9376371087362916e-12,7.225550019418492e-12,2.1044449169393964e-11,1.539821568863342e-11,2.2900245935653096e-11
403.00 ms,2.8744897087595866e-12,4.870705835186007e-12,6.8559342231155895e-12,1.498920605691456e-11,6.169840333081211e-11,1.5784647894312442e-11
404.00 ms,1.1521806729183903e-12,3.1745528514953714e-12,9.498761152637591e-12,1.0077495261884284e-11,3.3265064314225157e-11,2.1024066168551236e-11
405.00 ms,1.0977766005254574e-12,1.7900438076257075e-12,1.472367193444679e-11,2.5710588172356275e-11,2.3536833940185353e-11,4.268353379077716e-11
406.00 ms,1.4957255269412717e-12,2.7559272138683033e-12,1.0977624191610413e-11,1.2864027551517943e-11,2.5471002043642166e-11,1.8666082568508102e-11
407.00 ms,1.3898935171188787e-12,3.907732210733927e-12,4.088303480476174e-12,1.8700350296052548e-11,2.1157943452809747e-11,1.4639017428819123e-11
408.00 ms,1.242850765879877e-12,3.246838345058456e-12,6.047559588523432e-12,1.7592319961901026e-11,1.5767769034891188e-11,1.5411803777620747e-11
409.00 ms,1.4470001802671661e-12,6.217091511745432e-12,3.746866532317039e-12,1.603767812996537e-11,1.700592965059311e-11,1.4063267043951111e-11
410.00 ms,2.1100053128331187e-12,2.1902933026313187e-12,1.0699532405900047e-11,9.933543571039039e-12,1.5700487784875428e-11,2.6796858135225143e-11
411.00 ms,2.005077744463013e-12,2.2813450347575204e-12,5.946588273880726e-12,1.4285249198831007e-11,1.1336750115054084e-11,1.6977962438713412e-11
412.00 ms,1.5870400696740838e-12,3.659740045736104e-12,5.500843704153713e-12,1.4412684587461477e-11,1.6212252026970297e-11,1.610506866756012e-11
413.00 ms,1.4613302972213416e-12,1.5185604509970752e-12,4.0015985316999014e-12,9.060491940049431e-12,2.275200861046045e-11,1.6707265779181135e-11
414.00 ms,9.578657311770655e-13,1.746106731426167e-12,3.0119197066968972e-12,3.86214671355134e-12,1.2737430034326369e-11,1.2843936851580917e-11
415.00 ms,1.3465839771367727e-12,1.843023997305515e-12,4.552197160889726e-12,5.216236297067578e-12,8.816286242718796e-12,1.2970639319542787e-11
416.00 ms,1.3091598118075698e-12,2.726663513030747e-12,6.217909867545224e-12,1.458647959362569e-11,2.0405930417632945e-11,1.2530187824821848e-11
417.00 ms,1.3271494363545355e-12,1.2375244058671075e-12,4.0896318449779034e-12,5.4031787724562186e-12,1.956389737711728e-11,1.3780877480829012e-11
418.00 ms,8.14138415971416e-13,1.4508445443303652e-12,7.484106216704145e-12,9.82681731126478e-12,1.4214847181281964e-11,1.1089156502774866e-11
419.00 ms,1.5612459242086985e-12,1.440057383235438e-12,2.758838730382296e-12,8.433928902484844e-12,1.757773093746806e-11,1.595511570084973e-11
420.00 ms,1.2005848789090057e-12,3.9574636970240995e-12,6.146609696916494e-12,4.982408149251105e-12,1.212116865212387e-11,1.5386711002540743e-11
421.00 ms,2.1273122152720703e-12,2.148838615725901e-12,9.238722634141716e-12,8.078504878938908e-12,1.0128927210861782e-11,7.940626454983057e-12
422.00 ms,1.0581298207426593e-12,1.17284730104944e-12,5.69356107399388e-12,1.0867649662127388e-11,6.866074549194412e-12,1.5640157571827906e-11
423.00 ms,1.0243586577932118e-12,2.0165546749800756e-12,2.9204006834343543e-12,5.893218205099693e-12,7.411246963351381e-12,1.168370174914335e-11
424.00 ms,1.8698825040436295e-12,1.3467875903047655e-12,3.339728884069193e-12,9.865525063545988e-12,5.937235078579128e-12,1.220211865576859e-11
425.00 ms,7.312099059922361e-13,1.357429576728797e-12,8.605074118539502e-12,7.76676466196502e-12,1.1036670709285712e-11,1.634835322672501e-11
426.00 ms,8.463509298776983e-13,2.2380782123410103e-12,4.778513088693481e-12,5.475653784559054e-12,1.0256222086890698e-11,1.3317322071493276e-11
427.00 ms,4.781986980874342e-13,1.9852771770273447e-12,4.446390738238604e-12,7.283791625400937e-12,5.582645890706006e-12,1.7077990063785187e-11
428.00 ms,8.094884354839516e-13,1.7007459893539356e-12,4.011524619429441e-12,4.733671354201219e-12,5.5970475650035656e-12,1.7705665059097875e-11
429.00 ms,1.5877556431079243e-12,3.071951764146985e-12,3.972131651375221e-12,4.208015012829858e-12,1.697331511452127e-11,6.106083954432462e-12
430.00 ms,1.5106281026425195e-12,1.6590567895186092e-12,2.2977915143523875e-12,5.186513111349322e-12,6.002417313188957e-12,8.342718009479722e-12
431.00 ms,7.360773774355012e-13,2.1243731600228966e-12,1.5825137424443914e-12,5.313965847214552e-12,6.534905862970453e-12,6.7709661662196385e-12
432.00 ms,8.744826152269625e-13,1.4590734219790957e-12,2.137508486182993e-12,4.847489163545271e-12,1.6639488398251245e-11,1.2044831278201773e-11
433.00 ms,5.440723284226567e-13,5.651710653295505e-13,2.9109206364785756e-12,4.059587735416592e-12,9.482584856224108e-12,8.434462329953707e-12
434.00 ms,7.644117001708028e-13,1.1995463216479818e-12,2.6297351882892395e-12,4.152780116312149e-12,7.024216278073148e-12,5.4435032870170375e-12
435.00 ms,8.860721943497463e-13,1.4808670782684441e-12,2.2283821923124725e-12,2.607768818593814e-12,4.45835339132894e-12,6.631075029350786e-12
436.00 ms,9.388522945186217e-13,1.7656504513671734e-12,2.4627461528425876e-12,7.000339977830672e-12,3.640771278207167e-12,5.4431186120862396e-12
437.00 ms,4.552628348093724e-13,1.5302048907497867e-12,1.9041864439406364e-12,4.168556125283551e-12,6.903773993455209e-12,6.415101522910804e-12
438.00 ms,3.797528697752073e-13,8.300368313680917e-13,1.8293071051000975e-12,7.118253035620636e-12,1.0296452059022076e-11,6.5234762036681104e-12
439.00 ms,4.939548661590798e-13,4.658733251602931e-13,1.5170503742112373e-12,5.8987766927975915e-12,1.480052191915604e-11,1.1910242757318112e-11
440.00 ms,4.993477419751313e-13,5.881404304547422e-13,1.4072768558109905e-12,3.3257778041945185e-12,8.202858531314305e-12,5.356928876182332e-12
441.00 ms,6.117818925066576e-13,1.0554863190057051e-12,1.5654618443564083e-12,5.38688798429332e-12,4.012321724866652e-12,3.4533732210656476e-12
442.00 ms,3.7783722006169695e-13,7.088530608843902e-13,2.1340518328166747e-12,4.613907780143256e-12,8.507020608783389e-12,5.785925558110527e-12
443.00 ms,4.651808452327266e-13,9.846128903520657e-13,1.3076700096023575e-12,7.705512443390017e-12,1.02188639494738e-11,5.845536294596387e-12
444.00 ms,6.771375452539752e-13,1.3119675701736555e-12,1.249552653188879e-12,2.6592670773761817e-11,1.0097376060280716e-11,3.897351625453682e-12
445.00 ms,4.554520822985797e-13,6.137440273883132e-13,1.5337790716316024e-12,4.087225349835855e-12,4.556144090478442e-12,3.570584366369145e-12
446.00 ms,5.754346651953846e-13,9.005924803649756e-13,1.0607796108522138e-12,3.6296783720995984e-12,7.3230189273632e-12,3.278140779661154e-12
447.00 ms,3.781046385275405e-13,7.730817396835177e-13,1.2727864552239398e-12,2.362514480921951e-12,3.160095449206146e-12,7.875164929893597e-12
448.00 ms,4.642016480406463e-13,5.640526023684145e-13,1.0092970296332604e-12,2.4435158757496467e-12,5.765298394938556e-12,4.383600687302147e-12
449.00 ms,7.68428615009753e-13,7.914573944139969e-13,1.0486497737868805e-12,1.820899767773776e-12,5.918785427050377e-12,4.8934532641264905e-12
450.00 ms,5.837400875174925e-13,2.706829714798492e-13,1.576160209293409e-12,2.8363492110550226e-12,8.684115926360647e-12,6.302009695341448e-12
451.00 ms,3.560441058734348e-13,5.334274146527596e-13,2.4303356636196094e-12,4.149657614055391e-12,6.7295296939107185e-12,4.09140559973209e-12
452.00 ms,3.152853412374812e-13,6.401612096321174e-13,1.3866821102839766e-12,1.0247721725017978e-12,7.437658995634866e-12,2.9013436618485766e-12
453.00 ms,3.474741111161861e-13,1.0978480494486242e-12,1.868340334873486e-12,2.149240854731893e-12,3.1972298072946437e-12,2.263061049320725e-12
454.00 ms,1.9483045276928734e-13,4.886026479244965e-13,1.033976723685548e-12,2.5664485727577846e-12,7.238332763032096e-12,8.79755383126346e-12
455.00 ms,2.552600058408627e-13,3.890307401308718e-13,1.4156214178315252e-12,2.282874193501594e-12,2.3811905138643175e-12,5.820902353875779e-12
456.00 ms,4.358406268268472e-13,3.261036189347588e-13,1.6008538895537217e-12,2.941254878541244e-12,5.800820327556133e-12,3.866832635340822e-12
457.00 ms,3.233554916881598e-13,5.942461149890943e-13,1.850069143022326e-12,2.3414540705618547e-12,3.090449120571326e-12,3.021575177564184e-12
458.00 ms,4.631710054554816e-13,6.913831486488053e-13,8.51497637590487e-13,1.8215103904373198e-12,4.363398097700921e-12,4.100522005279217e-12
459.00 ms,4.172706559620043e-13,1.1175088632242591e-12,1.1879128323372123e-12,2.343599923501638e-12,2.6040272368965667e-12,3.3398984532889697e-12
460.00 ms,3.906638738632867e-13,6.617694131398622e-13,1.4102884441855035e-12,1.7991398301719919e-12,3.0990349175752385e-12,5.803437157919644e-12
461.00 ms,1.8581585380615662e-13,8.791360651613789e-13,3.3774842731620902e-12,1.5459908743811757e-12,3.5186612738075107e-12,3.065972606006162e-12
462.00 ms,1.564720846381623e-13,7.265459392967466e-13,9.741036102739464e-13,1.9876984173189394e-12,4.148370015555347e-12,1.9526192728686054e-12
463.00 ms,1.6877412011354065e-13,4.888791194784803e-13,8.603436973259049e-13,1.3516250835579613e-12,3.256585105748666e-12,2.433833950349351e-12
464.00 ms,1.5062347799143366e-13,3.450455524599272e-13,1.380436672089591e-12,1.491970284296651e-12,1.5895176884786477e-12,2.6011267792447335e-12
465.00 ms,1.8700836777567342e-13,3.6157481089066357e-13,1.5058726834937808e-12,1.1306449483258763e-12,2.1246051792878085e-12,4.500493727688237e-12
466.00 ms,2.0615199000997841e-13,1.762064750837275e-13,6.679792352928815e-13,1.497150277016135e-12,1.7630700501966579e-12,2.946690851393652e-12
467.00 ms,3.4682548716649664e-13,3.336878299717294e-13,8.627370736216666e-13,1.7284141782744622e-12,1.7695008869625384e-12,1.9344285288186436e-12
468.00 ms,2.052305807936916e-13,6.733331340408322e-13,1.1145502923359807e-12,4.0477465129695744e-12,2.3328645872705556e-12,2.0023843694261245e-12
469.00 ms,1.3083326468651263e-13,4.560874789817648e-13,1.0898356869737391e-12,1.771533007094428e-12,2.7791634011481436e-12,2.6765321729793623e-12
470.00 ms,1.9348123092826491e-13,5.099221283937083e-13,4.707320687760697e-13,6.15994993728719e-13,1.256244132157025e-12,2.585937757329515e-12
471.00 ms,1.2720973905332167e-13,3.5067573302648147e-13,4.843492143816186e-13,1.2276576239964032e-12,1.287471106288518e-12,1.856872294814238e-12
472.00 ms,1.3847268871911705e-13,8.354803394255983e-13,9.06182030455116e-13,1.5141313767022546e-12,9.59442377976294e-13,2.5873756262506653e-12
473.00 ms,1.1944756978226473e-13,1.3156371879517043e-13,6.415964764680537e-13,1.0150152203111662e-12,1.9294570281769285e-12,1.6403915985979678e-12
474.00 ms,8.35436456342667e-14,1.6481375997041275e-13,8.804229589300105e-13,4.0306503252228454e-13,2.175463585316062e-12,1.7900710211002369e-12
475.00 ms,1.3395834192343054e-13,5.601204179292441e-13,7.794648173437002e-13,8.548274935127331e-13,1.7842300987364057e-12,9.14355722213267e-13
476.00 ms,2.281577704543736e-13,1.5801081146640805e-13,2.3937855820818643e-13,7.702942016879488e-13,8.421475322650807e-12,1.7172424506689543e-12
477.00 ms,2.064537912372169e-13,2.2145284737928872e-13,4.3257164885658617e-13,7.053457210665082e-13,8.726483077814429e-13,1.5337790716316024e-12
478.00 ms,1.1308026048742828e-13,2.9571351335515306e-13,2.8765894831070393e-13,5.963951663252864e-13,1.3665720031280637e-12,7.38096324510995e-13
479.00 ms,8.842178291640357e-14,2.5673769208679753e-13,3.86981408289494e-13,8.439129386625388e-13,1.4058853907428226e-12,6.037169462264069e-13
480.00 ms,8.129350599801743e-14,2.6060308967214285e-13,5.689463657143623e-13,1.1466132947626773e-12,1.629791787638446e-12,1.0865235577570131e-12
481.00 ms,1.5446774718694267e-13,2.082822710960594e-13,2.3576919496587356e-13,6.641931470964535e-13,3.929888532649972e-12,8.80320881295471e-13
482.00 ms,1.091178606889634e-13,2.640226091140535e-13,6.194498581614527e-13,9.261335188331943e-13,1.0456657241475487e-12,8.889678273019119e-13
483.00 ms,2.3918361865757354e-13,2.626722624132771e-13,6.995719650272625e-13,1.0325151107368202e-12,1.3388076454748377e-12,8.850554295523894e-13
484.00 ms,6.807807084990153e-14,2.3030730968154334e-13,1.2349245974777046e-12,7.619186856953897e-13,1.6253124063628221e-12,8.217021897974353e-13
485.00 ms,1.3342778759032475e-13,1.6378752195657376e-13,3.4028620307831325e-13,1.1347184043081215e-12,1.0817744269808749e-12,1.4078506156006698e-12
486.00 ms,1.606804424757191e-13,2.2510720501175974e-13,1.8153740229814863e-13,1.5038530316868748e-12,1.3100612174937742e-12,8.245065871367863e-13
487.00 ms,1.10487634937418e-13,1.229394868242431e-13,4.123646140264531e-13,1.3986570148588617e-12,1.0597422462135797e-12,1.0253954803307597e-12
488.00 ms,1.0300969604214172e-13,1.1785139379140441e-13,3.6036484126616974e-13,4.274388189316053e-13,8.461285058020129e-13,7.729871972540769e-13
489.00 ms,1.4197018940228373e-13,1.0663293029599882e-13,4.915033224167642e-13,6.36631860510134e-13,6.166557065326317e-13,8.655942173967091e-13
490.00 ms,1.8379063191058947e-13,1.74794464384391e-13,3.5879784386627644e-13,8.182763819829242e-13,9.134595206974905e-13,6.139585367881395e-13
491.00 ms,6.972287330819782e-14,3.509607155675193e-13,2.9613689430350865e-13,4.151576543480473e-13,1.0902198198034507e-12,8.469850255182765e-13
492.00 ms,1.1303838317851603e-13,8.495069610866407e-14,1.5457557109299636e-13,1.0577006935227895e-12,1.1012245802743958e-12,9.497107961164986e-13
493.00 ms,1.770112105937277e-13,8.155862731050803e-14,4.2310236260736933e-13,3.496775622963827e-13,8.664774626965244e-13,8.097207257994066e-13
494.00 ms,1.0264723370335266e-13,3.435301359783899e-13,4.030270312361389e-13,6.482136875873845e-13,8.085000225734051e-13,1.020122246224442e-12
495.00 ms,3.286060930741269e-14,7.008667734717533e-14,2.4227589877877376e-13,5.605608750618163e-13,9.176902944149634e-13,3.741249389281609e-13
496.00 ms,2.1445874725601125e-14,6.657638307837332e-14,1.6458964182883284e-13,4.644551887186821e-13,5.72431099916948e-13,9.3817065661278e-13
497.00 ms,3.6704316073044724e-14,1.9429255296646297e-13,2.1268055404918135e-13,3.6790796104080314e-13,5.220385213521028e-13,5.898495667594483e-13
498.00 ms,7.278644917688148e-14,3.002931291216232e-13,1.5259970750133162e-13,4.549888569203853e-13,5.700124617105673e-13,1.0628070689147617e-12
499.00 ms,9.834330344429126e-14,1.7510096833855265e-13,1.0784296090686485e-13,7.677370024439245e-13,5.408105603968427e-13,6.764753687771297e-13
500.00 ms,4.5408321606944455e-14,7.994558519960199e-14,1.294422739567952e-13,3.832049152822925e-13,5.714554805920369e-13,7.893601137315409e-13
